<XMLDB xmlns:xsi="http://www.w3.org/2001/XMLSchema-instance" PATH="local/trainer/db" VERSION="20240510" COMMENT="XMLDB file for Moodle local/trainer" xsi:noNamespaceSchemaLocation="../../../lib/xmldb/xmldb.xsd">
<TABLES>
<TABLE NAME="trainer" COMMENT="Default comment for local_trainer, please edit me">
<FIELDS>
<FIELD NAME="id" TYPE="int" LENGTH="10" NOTNULL="true" SEQUENCE="true"/>
<FIELD NAME="userid" TYPE="int" LENGTH="11" NOTNULL="false" SEQUENCE="false"/>
<FIELD NAME="username" TYPE="char" LENGTH="255" NOTNULL="false" SEQUENCE="false"/>
<FIELD NAME="firstname" TYPE="char" LENGTH="255" NOTNULL="false" SEQUENCE="false"/>
<FIELD NAME="lastname" TYPE="char" LENGTH="255" NOTNULL="false" SEQUENCE="false"/>
<FIELD NAME="dob" TYPE="int" LENGTH="11" NOTNULL="false" SEQUENCE="false"/>
<FIELD NAME="blood_group" TYPE="char" LENGTH="10" NOTNULL="false" SEQUENCE="false"/>
<FIELD NAME="email" TYPE="char" LENGTH="255" NOTNULL="false" SEQUENCE="false"/>
<FIELD NAME="contact_number" TYPE="int" LENGTH="12" NOTNULL="false" SEQUENCE="false"/>
<FIELD NAME="permanent_address" TYPE="text" NOTNULL="false" SEQUENCE="false"/>
<FIELD NAME="current_address" TYPE="text" NOTNULL="false" SEQUENCE="false"/>
<FIELD NAME="alternative_address" TYPE="text" NOTNULL="false" SEQUENCE="false"/>
<FIELD NAME="experience" TYPE="char" LENGTH="255" NOTNULL="false" SEQUENCE="false"/>
<FIELD NAME="ctc" TYPE="int" LENGTH="10" NOTNULL="false" SEQUENCE="false"/>
<FIELD NAME="date_of_joining" TYPE="int" LENGTH="11" NOTNULL="false" SEQUENCE="false"/>
<FIELD NAME="designation" TYPE="text" NOTNULL="false" SEQUENCE="false"/>
<FIELD NAME="state" TYPE="char" LENGTH="255" NOTNULL="false" SEQUENCE="false"/>
</FIELDS>
<KEYS>
<KEY NAME="primary" TYPE="primary" FIELDS="id"/>
</KEYS>
</TABLE>
</TABLES>
</XMLDB>