<!-- <TABLE NAME="school" COMMENT="Default comment for the table, please edit me">
<FIELDS>
<FIELD NAME="id" TYPE="int" LENGTH="10" NOTNULL="true" SEQUENCE="true"/>
<FIELD NAME="school_name" TYPE="text" NOTNULL="false" SEQUENCE="false"/>
<FIELD NAME="school_address" TYPE="text" NOTNULL="false" SEQUENCE="false"/>

</FIELDS>
<KEYS>
<KEY NAME="primary" TYPE="primary" FIELDS="id"/>
</KEYS>
</TABLE>

<TABLE NAME="department">
    <FIELDS>
        <FIELD NAME="id" TYPE="int" LENGTH="10" NOTNULL="true" SEQUENCE="true"/>
        <FIELD NAME="department_name" TYPE="text" NOTNULL="false" SEQUENCE="false"/>
        <FIELD NAME="department_code" TYPE="text" NOTNULL="false" SEQUENCE="false"/>
    </FIELDS>
    <KEYS>
        <KEY NAME="primary" TYPE="primary" FIELDS="id"/>
    </KEYS>
</TABLE> -->

<?xml version="1.0" encoding="UTF-8"?>
<XMLDB PATH="local/school/db" VERSION="2024011700" COMMENT="XMLDB file for local_media plugin">
    <TABLES>

        <!-- Definition for table 'aero_school' -->
        <TABLE NAME="aero_school" COMMENT="Table for storing school information">
            <FIELDS>
                <FIELD NAME="id" TYPE="int" LENGTH="10" NOTNULL="true" SEQUENCE="true" COMMENT="Primary key"/>
                <FIELD NAME="school_name" TYPE="text" NOTNULL="true" SEQUENCE="false" COMMENT="Name of the school"/>
                <FIELD NAME="school_address" TYPE="text" NOTNULL="true" SEQUENCE="false" COMMENT="Address of the school"/>
                <FIELD NAME="principal_detail" TYPE="text" NOTNULL="true" SEQUENCE="false" COMMENT="Details of the principal"/>
                <FIELD NAME="coordinator_detail" TYPE="text" NOTNULL="true" SEQUENCE="false" COMMENT="Details of the coordinator"/>
                <FIELD NAME="syllabus" TYPE="text" NOTNULL="true" SEQUENCE="false" COMMENT="Syllabus"/>
                <FIELD NAME="aerobay_fees" TYPE="int" LENGTH="11" NOTNULL="false" SEQUENCE="false" COMMENT="Aerobay fees"/>
                <FIELD NAME="timecreated" TYPE="int" LENGTH="11" NOTNULL="false" SEQUENCE="false" COMMENT="Time created"/>
                <FIELD NAME="timemodified" TYPE="int" LENGTH="11" NOTNULL="false" SEQUENCE="false" COMMENT="Time modified"/>
                <FIELD NAME="school_sortname" TYPE="char" LENGTH="100" NOTNULL="false" SEQUENCE="false" COMMENT="Sort name of the school"/>
                <FIELD NAME="status" TYPE="int" LENGTH="1" NOTNULL="false" SEQUENCE="false" COMMENT="Status"/>
                <FIELD NAME="principal_email" TYPE="char" LENGTH="100" NOTNULL="false" SEQUENCE="false" COMMENT="Principal email"/>
                <FIELD NAME="principal_contact" TYPE="int" LENGTH="20" NOTNULL="false" SEQUENCE="false" COMMENT="Principal contact"/>
                <FIELD NAME="coordinator_email" TYPE="char" LENGTH="100" NOTNULL="false" SEQUENCE="false" COMMENT="Coordinator email"/>
                <FIELD NAME="coordinator_contact" TYPE="int" LENGTH="20" NOTNULL="false" SEQUENCE="false" COMMENT="Coordinator contact"/>
            </FIELDS>
            <KEYS>
                <KEY NAME="primary" TYPE="primary" FIELDS="id"/>
            </KEYS>
        </TABLE>

    </TABLES>
</XMLDB>

